window,dataset,metric,paper_value,local_mean,generation_sd,pooled_evaluator_sd,n_generation_seeds,n_evaluator_seeds_per_generation,gap,relative_gap_percent,gap_in_local_sem,paper_within_local_95ci,best_seed,best_value,worst_seed,worst_value,summary_path,summary_sha256
24,FD001,rmse,14.697,16.458036490661982,0.7018679996660063,0.7212529263415768,5,5,1.7610364906619829,11.982285436905373,5.6104528285257675,False,23,15.516877117384894,43,17.23339927306353,results/w24/fd001_w24_public_code_evaluation_summary.csv,90a3dab915e1504c7f634691e4f2fedf1ba145e039a6f56052db5eb4c88a10f3
24,FD001,discriminative_score,0.137,0.14531769839105535,0.024285119842110597,0.007107680358109223,5,5,0.00831769839105534,6.071312694200977,0.7658574114379973,True,3,0.11641668939187348,43,0.17395691300790836,results/w24/fd001_w24_public_code_evaluation_summary.csv,90a3dab915e1504c7f634691e4f2fedf1ba145e039a6f56052db5eb4c88a10f3
24,FD002,rmse,25.822,25.57505905682989,2.558479061607379,0.4998021345104008,5,5,-0.2469409431701095,-0.9563199720010437,-0.2158222608276376,True,33,22.467120993528702,43,28.020332104838168,results/w24/fd002_w24_public_code_evaluation_summary.csv,78d020cba2beae89c213bde7139afc6d5ca7f0312f89552ad6b0011a98125f8b
24,FD002,discriminative_score,0.28,0.2648660527417329,0.15505768682740034,0.06535019726265283,5,5,-0.01513394725826711,-5.404981163666824,-0.21824480636713486,True,13,0.08526580159062369,3,0.473807032231059,results/w24/fd002_w24_public_code_evaluation_summary.csv,78d020cba2beae89c213bde7139afc6d5ca7f0312f89552ad6b0011a98125f8b
24,FD003,rmse,21.42,21.066891719874537,0.4741640589163688,0.7070392594629273,5,5,-0.3531082801254648,-1.6484980398014228,-1.6651918316690453,True,43,20.54921264091644,13,21.70152315935248,results/w24/fd003_w24_public_code_evaluation_summary.csv,3d0aa5f9580da2b0fda76e120467adedb2f8a0f2fdf7f2f7188dd399e791673c
24,FD003,discriminative_score,0.112,0.17031668153434434,0.05592694121151624,0.01674269920453792,5,5,0.05831668153434434,52.068465655664596,2.331614447495463,True,33,0.12132024977698483,3,0.2483050847457627,results/w24/fd003_w24_public_code_evaluation_summary.csv,3d0aa5f9580da2b0fda76e120467adedb2f8a0f2fdf7f2f7188dd399e791673c
24,FD004,rmse,27.333,31.48333648834223,3.8717462463434447,0.6548377768174173,5,5,4.15033648834223,15.184343059094246,2.396963521613954,True,13,27.57685038220213,23,36.10831529644918,results/w24/fd004_w24_public_code_evaluation_summary.csv,da5bae5e008b02c3feb4730bd83ee27e77812c670ce5e55c4db8779f26547141
24,FD004,discriminative_score,0.085,0.2525907248986942,0.13670034058412214,0.038174128407407644,5,5,0.1675907248986942,197.16555870434613,2.7413556664940284,True,43,0.11785682125168843,33,0.46330481764970727,results/w24/fd004_w24_public_code_evaluation_summary.csv,da5bae5e008b02c3feb4730bd83ee27e77812c670ce5e55c4db8779f26547141
48,FD001,rmse,13.949,15.357961432807922,1.3663739186385013,0.4697056791842697,5,5,1.4089614328079225,10.10080602772903,2.3057623527923528,True,13,13.986405649605413,23,17.63330293249744,results/fd001_w48_public_code_evaluation_summary.csv,33c20f62efc444af225e4e8ab8e87875a98f6b2d63f4b407fbec4653de27ef08
48,FD001,discriminative_score,0.102,0.3132475682459993,0.0817466358329779,0.008293837811021726,5,5,0.21124756824599933,207.10545906470526,5.778389751043692,False,13,0.2127078757452149,23,0.4227486664574835,results/fd001_w48_public_code_evaluation_summary.csv,33c20f62efc444af225e4e8ab8e87875a98f6b2d63f4b407fbec4653de27ef08
48,FD002,rmse,24.565,28.294635405287494,3.9731735026878914,0.8299027492371601,7,5,3.7296354052874925,15.182720965957632,2.483578367936037,False,13,23.54035931673415,53,35.30436647425945,results/frequency_threshold_validation/fd002_public_arm_seven_seeds_evaluation_summary.csv,8871d7705a5992435532b3a81feccb6b9fd127b6c16411076d56f3607645dadc
48,FD002,discriminative_score,0.109,0.26207785955017543,0.18563342954416923,0.020720811647524633,7,5,0.15307785955017544,140.4384032570417,2.1817511457626315,True,33,0.09878430428502649,53,0.4989046701974001,results/frequency_threshold_validation/fd002_public_arm_seven_seeds_evaluation_summary.csv,8871d7705a5992435532b3a81feccb6b9fd127b6c16411076d56f3607645dadc
48,FD003,rmse,16.206,20.717264949466202,1.2226552412532024,1.578411420468686,5,5,4.511264949466202,27.83700450121068,8.250482025643679,False,13,18.83345277977101,23,21.965241755313162,results/fd003_w48_public_code_evaluation_summary.csv,7aef9ed422e7b3762fac4dfa3cb0d8cef15d74d78c528e5b315ea6c6e17178ca
48,FD003,discriminative_score,0.114,0.1916033966033966,0.06712255624563582,0.0143261214831072,5,5,0.07760339660339659,68.07315491526016,2.5852184391644566,True,13,0.12347652347652346,43,0.28588911088911084,results/fd003_w48_public_code_evaluation_summary.csv,7aef9ed422e7b3762fac4dfa3cb0d8cef15d74d78c528e5b315ea6c6e17178ca
48,FD004,rmse,26.577,33.276693576075914,2.8228164921700687,0.6223445924284463,5,5,6.699693576075912,25.208614877811307,5.307100304280717,False,13,30.176715175557877,23,36.20669078938688,results/fd004_w48_public_code_evaluation_summary.csv,a3cf591323d0271c0f5011a68a7aa9378e6e5bfbb63f1a73a349479e1070e4dd
48,FD004,discriminative_score,0.239,0.38514228052472255,0.11107769675439204,0.023558725296159242,5,5,0.14614228052472256,61.14739770908894,2.9419413904727203,False,23,0.24090817356205854,43,0.47283551967709386,results/fd004_w48_public_code_evaluation_summary.csv,a3cf591323d0271c0f5011a68a7aa9378e6e5bfbb63f1a73a349479e1070e4dd
